Name,Age,Gender,City,Latitude,Longitude
abid,70,F,Delhi,28.679079,77.06971
Aabida,54,M,Delhi,28.679079,77.06971
Achal,65,M,Delhi,28.679079,77.06971
aadesh,76,M,Delhi,28.679079,77.06971
aadil,34,M,Delhi,28.679079,77.06971
aadish,23,M,Delhi,28.679079,77.06971
aaditya,65,M,Delhi,28.679079,77.06971
aaenab,74,M,Delhi,28.679079,77.06971
aafreen,13,M,Delhi,28.679079,77.06971
aafrin,23,M,Delhi,28.679079,77.06971
aaftaab,43,F,Delhi,28.679079,77.06971
aaftab,54,F,Delhi,28.679079,77.06971
aagand,65,M,Delhi,28.679079,77.06971
aahim,65,F,Delhi,28.679079,77.06971
aajad,7,F,Delhi,28.679079,77.06971
aajiv,8,M,Delhi,28.679079,77.06971
aakanksha,21,F,Delhi,28.679079,77.06971
aakar,23,M,Delhi,28.679079,77.06971
aakas,65,M,Delhi,28.679079,77.06971
aakash,56,F,Delhi,28.679079,77.06971
aakib,12,M,Delhi,28.679079,77.06971
aalam,43,F,Delhi,28.679079,77.06971
aalina,12,F,Delhi,28.679079,77.06971
aaliya,34,F,Delhi,28.679079,77.06971
aamil,61,M,Delhi,28.679079,77.06971
aamin,21,F,Delhi,28.679079,77.06971
aamina,78,F,Delhi,28.679079,77.06971
aamir,34,F,Delhi,28.679079,77.06971
aamod,15,M,Delhi,28.679079,77.06971
aamosh,71,F,Delhi,28.679079,77.06971
aamrin,47,F,Delhi,28.679079,77.06971
aanad,42,F,Delhi,28.679079,77.06971
aanamika,86,M,Delhi,28.679079,77.06971
aanand,31,M,Delhi,28.679079,77.06971
aanchal,13,F,Delhi,28.679079,77.06971
aanik,100,M,Delhi,28.679079,77.06971
aanil,94,F,Delhi,28.679079,77.06971
aansi,99,F,Delhi,28.679079,77.06971
aansu,54,F,Delhi,28.679079,77.06971
aanya,66,F,Delhi,28.679079,77.06971
aaradhana,43,M,Delhi,28.679079,77.06971
aarati,88,F,Delhi,28.679079,77.06971
aarav,70,F,Delhi,28.679079,77.06971
aardhna,73,M,Delhi,28.679079,77.06971
aarif,58,F,Kolkatta,22.57,88.3639
aarifa,78,F,Kolkatta,22.57,88.3639
aarifun,21,M,Kolkatta,22.57,88.3639
aarju,6,M,Kolkatta,22.57,88.3639
aarti,3,M,Kolkatta,22.57,88.3639
baburam,6,M,Kolkatta,22.57,88.3639
badrinath,100,M,Kolkatta,22.57,88.3639
badrealam,81,M,Kolkatta,22.57,88.3639
badri,61,M,Kolkatta,22.57,88.3639
badru,86,F,Kolkatta,22.57,88.3639
bagwan,96,F,Kolkatta,22.57,88.3639
bahadur,71,M,Kolkatta,22.57,88.3639
bahalen,88,M,Kolkatta,22.57,88.3639
bahart,100,F,Kolkatta,22.57,88.3639
bahnu,54,M,Kolkatta,22.57,88.3639
bahrat,51,M,Kolkatta,22.57,88.3639
bahwana,65,M,Kolkatta,22.57,88.3639
baichan,33,M,Kolkatta,22.57,88.3639
baidnath,1,M,Kolkatta,22.57,88.3639
baijnath,66,F,Kolkatta,22.57,88.3639
baita,34,M,Kolkatta,22.57,88.3639
bajinder,52,F,Kolkatta,22.57,88.3639
bajrang,22,F,Kolkatta,22.57,88.3639
bajrangi,95,M,Kolkatta,22.57,88.3639
bajulal,43,M,Kolkatta,22.57,88.3639
bake,41,F,Kolkatta,22.57,88.3639
bakhtvaar,76,M,Kolkatta,22.57,88.3639
bakila,60,F,Kolkatta,22.57,88.3639
baksi,63,M,Kolkatta,22.57,88.3639
bal,15,F,Kolkatta,22.57,88.3639
bala,59,M,Kolkatta,22.57,88.3639
balak,98,M,Kolkatta,22.57,88.3639
balalia,14,M,Kolkatta,22.57,88.3639
balam,13,M,Kolkatta,22.57,88.3639
balaram,31,F,Kolkatta,22.57,88.3639
balbeer,24,M,Kolkatta,22.57,88.3639
balbir,32,M,Chennai,13.0827,80.2707
balbiri,20,F,Chennai,13.0827,80.2707
balchand,35,M,Chennai,13.0827,80.2707
baldev,47,F,Chennai,13.0827,80.2707
baleshwar,59,M,Chennai,13.0827,80.2707
chander,82,M,Chennai,13.0827,80.2707
chanderbal,84,F,Chennai,13.0827,80.2707
chanderkala,79,M,Chennai,13.0827,80.2707
chanderkali,37,F,Chennai,13.0827,80.2707
chanderkanta,10,F,Chennai,13.0827,80.2707
chandermani,72,M,Chennai,13.0827,80.2707
chanderpal,85,M,Chennai,13.0827,80.2707
chanderwati,38,F,Chennai,13.0827,80.2707
chandesh,53,M,Chennai,13.0827,80.2707
chandeshwar,64,F,Chennai,13.0827,80.2707
chandi,12,M,Chennai,13.0827,80.2707
chandini,30,F,Chennai,13.0827,80.2707
chandki,74,M,Chennai,13.0827,80.2707
chandkor,85,F,Chennai,13.0827,80.2707
chandni,27,F,Chennai,13.0827,80.2707
chando,54,F,Chennai,13.0827,80.2707
chandpreet,28,M,Chennai,13.0827,80.2707
chandra,36,F,Chennai,13.0827,80.2707
chandracala,21,M,Chennai,13.0827,80.2707
chandrakala,55,M,Chennai,13.0827,80.2707
chandrashekhar,18,M,Chennai,13.0827,80.2707
chandrawati,36,F,Chennai,13.0827,80.2707
chandreshwar,67,F,Chennai,13.0827,80.2707
chandrika,42,M,Chennai,13.0827,80.2707
chandrram,63,F,Chennai,13.0827,80.2707
chandru,100,F,Chennai,13.0827,80.2707
chandu,46,F,Chennai,13.0827,80.2707
chango,32,F,Chennai,13.0827,80.2707
channu,41,F,Chennai,13.0827,80.2707
chanpa,77,F,Chennai,13.0827,80.2707
chappla,98,F,Chennai,13.0827,80.2707
charan,49,M,Chennai,13.0827,80.2707
charanjeet,28,M,Chennai,13.0827,80.2707
charnjeet,26,F,Chennai,13.0827,80.2707
charu,34,M,Chennai,13.0827,80.2707
chatan,74,M,Chennai,13.0827,80.2707
chatar,63,F,Chennai,13.0827,80.2707
chaterpal,1,M,Chennai,13.0827,80.2707
chatter,83,M,Chennai,13.0827,80.2707
chaturbhuj,92,F,Chennai,13.0827,80.2707
chaya,60,F,Chennai,13.0827,80.2707
cheddi,69,M,Chennai,13.0827,80.2707
cheete,97,M,Chennai,13.0827,80.2707
chela,35,F,Chennai,13.0827,80.2707
chertamani,67,M,Chennai,13.0827,80.2707
chet,22,F,Chennai,13.0827,80.2707
chetan,22,F,Chennai,13.0827,80.2707
chetana,62,M,Chennai,13.0827,80.2707
chetanram,62,F,Chennai,13.0827,80.2707
chetanya,49,F,Chennai,13.0827,80.2707
chetna,49,M,Chennai,13.0827,80.2707
chetram,37,M,Chennai,13.0827,80.2707
chettan,27,F,Chennai,13.0827,80.2707
chhabeel,87,M,Chennai,13.0827,80.2707
chhabi,33,F,Chennai,13.0827,80.2707
chhabil,60,M,Chennai,13.0827,80.2707
chhagan,49,F,Chennai,13.0827,80.2707
chhagana,56,M,Chennai,13.0827,80.2707
chhamo,62,M,Chennai,13.0827,80.2707
chhano,8,F,Chennai,13.0827,80.2707
chhanoyar,19,F,Chennai,13.0827,80.2707
chhantu,29,F,Chennai,13.0827,80.2707
chhanya,48,M,Chennai,13.0827,80.2707
chhatar,23,M,Chennai,13.0827,80.2707
chhaterwati,98,M,Chennai,13.0827,80.2707
chhavi,53,M,Chennai,13.0827,80.2707
chhaya,70,M,Chennai,13.0827,80.2707
chhedilal,25,M,Chennai,13.0827,80.2707
chhidu,98,M,Chennai,13.0827,80.2707
chhinderpal,66,M,Chennai,13.0827,80.2707
chhitar,87,F,Chennai,13.0827,80.2707
chhotelal,90,M,Chennai,13.0827,80.2707
chhoti,28,M,Kanpur,26.4499,80.3319
chhotu,64,F,Kanpur,26.4499,80.3319
chhotudevi,55,F,Kanpur,26.4499,80.3319
chiddu,46,F,Kanpur,26.4499,80.3319
chinki,63,M,Kanpur,26.4499,80.3319
chinku,24,F,Kanpur,26.4499,80.3319
chinta,90,F,Kanpur,26.4499,80.3319
chintan,17,F,Kanpur,26.4499,80.3319
chintu,67,F,Kanpur,26.4499,80.3319
chinu,87,M,Kanpur,26.4499,80.3319
chirag,93,M,Kanpur,26.4499,80.3319
deepa,95,F,Kanpur,26.4499,80.3319
deepaak,34,F,Kanpur,26.4499,80.3319
deepak,9,M,Kanpur,26.4499,80.3319
deepali,40,M,Kanpur,26.4499,80.3319
deepan,20,F,Kanpur,26.4499,80.3319
deepanker,61,F,Kanpur,26.4499,80.3319
deepanshi,3,M,Kanpur,26.4499,80.3319
deepanshu,26,F,Kanpur,26.4499,80.3319
deepansu,35,F,Kanpur,26.4499,80.3319
deepanti,32,M,Kanpur,26.4499,80.3319
deepchand,32,F,Kanpur,26.4499,80.3319
deepender,85,M,Noida,28.5355,77.391
deepi,49,M,Noida,28.5355,77.391
deepika,76,M,Noida,28.5355,77.391
deepka,64,M,Noida,28.5355,77.391
deepmala,15,F,Noida,28.5355,77.391
deepnarayan,25,M,Noida,28.5355,77.391
deepshikha,14,M,Noida,28.5355,77.391
deepti,7,M,Noida,28.5355,77.391
deepu,39,F,Noida,28.5355,77.391
deepvhand,76,M,Noida,28.5355,77.391
deeraj,8,F,Noida,28.5355,77.391
deerendra,3,F,Noida,28.5355,77.391
deewan,9,M,Noida,28.5355,77.391
deeya,14,F,Noida,28.5355,77.391
denesh,4,F,Noida,28.5355,77.391
deni,1,F,Noida,28.5355,77.391
deou,37,M,Noida,28.5355,77.391
depali,96,M,Noida,28.5355,77.391
depander,24,M,Noida,28.5355,77.391
desh,65,M,Noida,28.5355,77.391
deshraj,19,M,Noida,28.5355,77.391
dev,92,F,Noida,28.5355,77.391
deva,1,F,Noida,28.5355,77.391
devanand,55,M,Noida,28.5355,77.391
devanti,91,M,Noida,28.5355,77.391
devasheeh,67,F,Noida,28.5355,77.391
devashish,97,M,Noida,28.5355,77.391
devasish,75,F,Noida,28.5355,77.391
devdhari,4,M,Noida,28.5355,77.391
devender,20,M,Noida,28.5355,77.391
devendr,35,M,Noida,28.5355,77.391
devendra,87,F,Noida,28.5355,77.391
devendri,30,M,Noida,28.5355,77.391
devesh,63,F,Noida,28.5355,77.391
devi,7,F,Noida,28.5355,77.391
devid,66,M,Noida,28.5355,77.391
devideen,23,M,Noida,28.5355,77.391
devik,2,M,Noida,28.5355,77.391
devika,33,M,Noida,28.5355,77.391
devilal,30,M,Noida,28.5355,77.391
devinder,66,F,Noida,28.5355,77.391
devkali,18,M,Noida,28.5355,77.391
devki,11,F,Noida,28.5355,77.391
devkran,41,M,Noida,28.5355,77.391
devli,25,M,Noida,28.5355,77.391
devpal,21,M,Noida,28.5355,77.391
devraj,62,M,Noida,28.5355,77.391
devya,21,F,Noida,28.5355,77.391
devyani,98,F,Palampur,32.1109,76.5363
deyji,22,M,Palampur,32.1109,76.5363
dhakhadevi,51,F,Palampur,32.1109,76.5363
dhalchand,27,F,Palampur,32.1109,76.5363
edris,73,F,Palampur,32.1109,76.5363
ekamjeet,15,F,Palampur,32.1109,76.5363
ekata,62,F,Palampur,32.1109,76.5363
ekram,64,M,Palampur,32.1109,76.5363
ekta,74,M,Palampur,32.1109,76.5363
eldro,53,F,Palampur,32.1109,76.5363
eliyas,8,M,Palampur,32.1109,76.5363
elwin,89,M,Palampur,32.1109,76.5363
emilia,24,M,Palampur,32.1109,76.5363
emran,27,M,Palampur,32.1109,76.5363
englas,51,M,Palampur,32.1109,76.5363
eshavarya,19,F,Palampur,32.1109,76.5363
eshwari,86,F,Palampur,32.1109,76.5363
esrail,58,M,Palampur,32.1109,76.5363
etahsaam,93,F,Palampur,32.1109,76.5363
evan,59,M,Palampur,32.1109,76.5363
ezaz,1,F,Palampur,32.1109,76.5363
faaija,91,F,Palampur,32.1109,76.5363
fahija,56,M,Palampur,32.1109,76.5363
fahim,62,M,Palampur,32.1109,76.5363
fahira,28,M,Palampur,32.1109,76.5363
faijal,41,F,Palampur,32.1109,76.5363
faijina,50,F,Palampur,32.1109,76.5363
faim,10,M,Palampur,32.1109,76.5363
faimuddin,92,M,Palampur,32.1109,76.5363
faisal,20,M,Palampur,32.1109,76.5363
faiyaaz,49,M,Palampur,32.1109,76.5363
faiz,14,F,Palampur,32.1109,76.5363
faizal,51,F,Palampur,32.1109,76.5363
faizan,95,M,Palampur,32.1109,76.5363
faizudeen,35,M,Palampur,32.1109,76.5363
faizur,31,F,Palampur,32.1109,76.5363
fakerey,2,M,Palampur,32.1109,76.5363
fakiha,12,F,Palampur,32.1109,76.5363
fakir,70,M,Palampur,32.1109,76.5363
fakiri,98,M,Palampur,32.1109,76.5363
fakrrudeen,51,F,Palampur,32.1109,76.5363
fakrudeen,59,F,Palampur,32.1109,76.5363
fanni,18,F,Palampur,32.1109,76.5363
faqir,89,F,Palampur,32.1109,76.5363
fara,33,F,Palampur,32.1109,76.5363
farah,22,M,Palampur,32.1109,76.5363
faraha,33,M,Palampur,32.1109,76.5363
faraheen,8,M,Palampur,32.1109,76.5363
faran,4,F,Palampur,32.1109,76.5363
farana,20,F,Palampur,32.1109,76.5363
fareem,59,M,Palampur,32.1109,76.5363
fareen,46,F,Palampur,32.1109,76.5363
fareena,37,F,Palampur,32.1109,76.5363
farha,88,M,Palampur,32.1109,76.5363
farhaja,92,M,Palampur,32.1109,76.5363
farhan,6,F,Palampur,32.1109,76.5363
farhana,83,M,Palampur,32.1109,76.5363
farhanaaz,14,F,Palampur,32.1109,76.5363
farhanaz,52,F,Palampur,32.1109,76.5363
farheen,44,M,Palampur,32.1109,76.5363
farhib,23,F,Palampur,32.1109,76.5363
farhin,75,M,Guahati,26.1445,91.7362
farid,33,F,Guahati,26.1445,91.7362
farida,87,F,Guahati,26.1445,91.7362
farina,11,M,Guahati,26.1445,91.7362
farjana,6,M,Guahati,26.1445,91.7362
farjand,28,F,Guahati,26.1445,91.7362
farjanul,19,F,Guahati,26.1445,91.7362
farku,87,M,Guahati,26.1445,91.7362
farmaan,42,F,Guahati,26.1445,91.7362
farman,42,M,Guahati,26.1445,91.7362
farmeena,69,F,Guahati,26.1445,91.7362
faroj,10,M,Guahati,26.1445,91.7362
farukh,14,F,Guahati,26.1445,91.7362
farzana,28,F,Guahati,26.1445,91.7362
fasrun,90,M,Guahati,26.1445,91.7362
fateh,3,F,Guahati,26.1445,91.7362
father,32,M,Guahati,26.1445,91.7362
fatima,25,M,Guahati,26.1445,91.7362
fatma,77,F,Guahati,26.1445,91.7362
fauina,60,M,Guahati,26.1445,91.7362
faujdar,28,M,Guahati,26.1445,91.7362
fauji,13,M,Guahati,26.1445,91.7362
fazaley,49,F,Guahati,26.1445,91.7362
fazaz,83,F,Guahati,26.1445,91.7362
fazia,88,F,Guahati,26.1445,91.7362
fazin,87,M,Guahati,26.1445,91.7362
fazulla,50,M,Guahati,26.1445,91.7362
feflibai,15,F,Guahati,26.1445,91.7362
felicia,2,F,Guahati,26.1445,91.7362
feru,38,M,Guahati,26.1445,91.7362
fhaishal,73,M,Guahati,26.1445,91.7362
fharman,1,F,Guahati,26.1445,91.7362
fida,53,F,Guahati,26.1445,91.7362
fija,40,M,Guahati,26.1445,91.7362
firakat,74,F,Guahati,26.1445,91.7362
firasat,28,F,Guahati,26.1445,91.7362
firdosh,77,M,Guahati,26.1445,91.7362
firdous,41,M,Guahati,26.1445,91.7362
firida,59,F,Guahati,26.1445,91.7362
firoj,95,M,Guahati,26.1445,91.7362
firoja,20,F,Guahati,26.1445,91.7362
firoz,15,F,Guahati,26.1445,91.7362
firoza,18,F,Guahati,26.1445,91.7362
firtu,76,M,Guahati,26.1445,91.7362
fitrat,18,M,Guahati,26.1445,91.7362
fiyaz,21,M,Guahati,26.1445,91.7362
fiza,22,F,Guahati,26.1445,91.7362
fool,64,M,Guahati,26.1445,91.7362
foola,38,F,Guahati,26.1445,91.7362
fooljhnah,60,F,Guahati,26.1445,91.7362
foolmaya,29,F,Guahati,26.1445,91.7362
foolwati,51,M,Guahati,26.1445,91.7362
for,84,M,Guahati,26.1445,91.7362
foranta,68,F,Lucknow,26.85,80.949997
foranti,28,F,Lucknow,26.85,80.949997
fornta,60,M,Lucknow,26.85,80.949997
forshan,38,M,Lucknow,26.85,80.949997
fozia,65,F,Lucknow,26.85,80.949997
gandhi,6,F,Lucknow,26.85,80.949997
ganesh,75,M,Lucknow,26.85,80.949997
ganeshi,76,M,Lucknow,26.85,80.949997
ganesi,12,F,Lucknow,26.85,80.949997
ganga,9,F,Lucknow,26.85,80.949997
gangadhar,52,M,Lucknow,26.85,80.949997
gangajali,53,F,Lucknow,26.85,80.949997
gangaram,66,M,Lucknow,26.85,80.949997
gango,72,M,Lucknow,26.85,80.949997
ganita,83,F,Lucknow,26.85,80.949997
ganpat,49,F,Lucknow,26.85,80.949997
ganpati,3,M,Lucknow,26.85,80.949997
ganpatram,84,F,Lucknow,26.85,80.949997
gantantra,77,M,Lucknow,26.85,80.949997
gappu,8,F,Lucknow,26.85,80.949997
gargi,83,M,Lucknow,26.85,80.949997
garib,45,M,Lucknow,26.85,80.949997
garima,44,M,Lucknow,26.85,80.949997
garsh,29,M,Lucknow,26.85,80.949997
garupal,32,M,Lucknow,26.85,80.949997
garv,9,F,Lucknow,26.85,80.949997
gattu,94,M,Lucknow,26.85,80.949997
gaura,1,M,Lucknow,26.85,80.949997
gaurav,41,M,Lucknow,26.85,80.949997
gauravgil,47,F,Lucknow,26.85,80.949997
gauri,57,F,Lucknow,26.85,80.949997
gautam,99,F,Lucknow,26.85,80.949997
gawali,83,F,Lucknow,26.85,80.949997
gawri,77,M,Lucknow,26.85,80.949997
gayatri,54,M,Lucknow,26.85,80.949997
gaytree,85,M,Lucknow,26.85,80.949997
gaytri,2,F,Lucknow,26.85,80.949997
geernish,66,M,Lucknow,26.85,80.949997
geesa,83,M,Lucknow,26.85,80.949997
geet,51,M,Lucknow,26.85,80.949997
geeta,19,M,Lucknow,26.85,80.949997
geetanjali,59,M,Lucknow,26.85,80.949997
geetika,16,M,Lucknow,26.85,80.949997
geetu,58,M,Lucknow,26.85,80.949997
gen,67,F,Lucknow,26.85,80.949997
genda,74,M,Bangalore,12.9716,77.5946
gendi,26,F,Bangalore,12.9716,77.5946
gendu,12,F,Bangalore,12.9716,77.5946
gensingh,39,M,Bangalore,12.9716,77.5946
ghan,8,F,Bangalore,12.9716,77.5946
ghanshayam,23,F,Bangalore,12.9716,77.5946
ghanshyam,30,M,Bangalore,12.9716,77.5946
ghansyam,17,M,Bangalore,12.9716,77.5946
ghantoli,89,F,Bangalore,12.9716,77.5946
ghaseeta,18,F,Bangalore,12.9716,77.5946
ghasiram,39,F,Bangalore,12.9716,77.5946
gheesa,6,M,Bangalore,12.9716,77.5946
ghisaram,90,M,Bangalore,12.9716,77.5946
ghurul,14,M,Bangalore,12.9716,77.5946
gila,9,M,Bangalore,12.9716,77.5946
gilbahar,74,F,Bangalore,12.9716,77.5946
girdhari,10,M,Bangalore,12.9716,77.5946
giri,78,M,Bangalore,12.9716,77.5946
girija,48,M,Bangalore,12.9716,77.5946
girijarani,52,F,Bangalore,12.9716,77.5946
giriraj,17,M,Bangalore,12.9716,77.5946
girish,33,F,Bangalore,12.9716,77.5946
girishchandra,76,M,Bangalore,12.9716,77.5946
girishi,74,F,Bangalore,12.9716,77.5946
girja,74,M,Bangalore,12.9716,77.5946
girjesh,23,F,Bangalore,12.9716,77.5946
girraj,77,M,Bangalore,12.9716,77.5946
girwer,85,F,Bangalore,12.9716,77.5946
gita,69,F,Bangalore,12.9716,77.5946
gitika,56,F,Bangalore,12.9716,77.5946
hanni,99,M,Bangalore,12.9716,77.5946
hanny,11,F,Bangalore,12.9716,77.5946
hansa,98,M,Bangalore,12.9716,77.5946
hanshraj,73,M,Bangalore,12.9716,77.5946
hansraj,80,M,Bangalore,12.9716,77.5946
hanuman,49,M,Bangalore,12.9716,77.5946
hanumanram,85,M,Bangalore,12.9716,77.5946
happy,9,M,Bangalore,12.9716,77.5946
har,91,M,Bangalore,12.9716,77.5946
harak,34,F,Bangalore,12.9716,77.5946
harana,39,F,Bangalore,12.9716,77.5946
hararat,14,F,Bangalore,12.9716,77.5946
harbai,35,M,Bangalore,12.9716,77.5946
harbanschauhan,58,M,Bangalore,12.9716,77.5946
harbansh,67,F,Bangalore,12.9716,77.5946
harbas,58,F,Bangalore,12.9716,77.5946
harbhajan,91,M,Bangalore,12.9716,77.5946
harbinder,15,M,Bangalore,12.9716,77.5946
harbir,41,F,Bangalore,12.9716,77.5946
hardam,86,M,Bangalore,12.9716,77.5946
hardas,15,F,Bangalore,12.9716,77.5946
hardass,18,M,Bangalore,12.9716,77.5946
hardeep,33,F,Bangalore,12.9716,77.5946
hardev,90,M,Bangalore,12.9716,77.5946
hardik,74,M,Bangalore,12.9716,77.5946
hare,11,F,Bangalore,12.9716,77.5946
harees,17,M,Bangalore,12.9716,77.5946
harender,91,F,Bangalore,12.9716,77.5946
harendra,59,F,Bangalore,12.9716,77.5946
hareshwar,16,F,Bangalore,12.9716,77.5946
hari,52,M,Bangalore,12.9716,77.5946
harib,25,M,Bangalore,12.9716,77.5946
harichand,34,F,Bangalore,12.9716,77.5946
haridutt,54,F,Bangalore,12.9716,77.5946
hariesh,51,F,Bangalore,12.9716,77.5946
harikishan,6,F,Bangalore,12.9716,77.5946
harimohan,48,M,Bangalore,12.9716,77.5946
harinarayan,24,F,Bangalore,12.9716,77.5946
harinder,34,F,Bangalore,12.9716,77.5946
hariom,30,M,Bangalore,12.9716,77.5946
hariram,15,M,Bangalore,12.9716,77.5946
harish,19,M,Bangalore,12.9716,77.5946
harishankar,28,F,Bangalore,12.9716,77.5946
harishchandr,60,F,Bangalore,12.9716,77.5946
ilesh,4,F,Bangalore,12.9716,77.5946
ilma,17,M,Bangalore,12.9716,77.5946
ilyas,71,M,Bangalore,12.9716,77.5946
indal,51,F,Coimbatore,11.0168,76.9558
indara,54,F,Coimbatore,11.0168,76.9558
inder,57,M,Coimbatore,11.0168,76.9558
inderjeet,85,F,Coimbatore,11.0168,76.9558
inderjit,2,F,Coimbatore,11.0168,76.9558
indernath,26,F,Coimbatore,11.0168,76.9558
inderpaal,13,M,Coimbatore,11.0168,76.9558
inderpal,6,M,Coimbatore,11.0168,76.9558
indervesh,47,F,Coimbatore,11.0168,76.9558
indira,17,M,Coimbatore,11.0168,76.9558
indra,49,M,Coimbatore,11.0168,76.9558
indraj,33,F,Coimbatore,11.0168,76.9558
indresh,80,F,Coimbatore,11.0168,76.9558
indrvati,16,F,Coimbatore,11.0168,76.9558
indta,19,F,Coimbatore,11.0168,76.9558
indu,40,M,Coimbatore,11.0168,76.9558
injmam,16,F,Coimbatore,11.0168,76.9558
injum,27,F,Kochi,9.9312,76.2673
jagan,29,F,Kochi,9.9312,76.2673
jagat,83,F,Kochi,9.9312,76.2673
jagbir,47,F,Kochi,9.9312,76.2673
jagdamba,43,F,Kochi,9.9312,76.2673
jagdambika,55,F,Kochi,9.9312,76.2673
jagdeep,98,M,Kochi,9.9312,76.2673
jagdeesh,18,M,Kochi,9.9312,76.2673
jagdesh,46,M,Kochi,9.9312,76.2673
jagdiesh,20,F,Kochi,9.9312,76.2673
jagdish,77,M,Bangalore,12.9716,77.5946
jagir,95,M,Bangalore,12.9716,77.5946
jagjeet,83,M,Bangalore,12.9716,77.5946
jagjiwan,26,M,Bangalore,12.9716,77.5946
jagmal,18,M,Bangalore,12.9716,77.5946
jagmohan,50,F,Bangalore,12.9716,77.5946
jagnath,28,M,Bangalore,12.9716,77.5946
jagpati,6,F,Bangalore,12.9716,77.5946
jagrti,99,F,Bangalore,12.9716,77.5946
jagtar,85,F,Bangalore,12.9716,77.5946
jagviri,88,M,Bangalore,12.9716,77.5946
jahagir,100,F,Bangalore,12.9716,77.5946
jahani,30,M,Bangalore,12.9716,77.5946
jahgeer,73,F,Bangalore,12.9716,77.5946
jahid,53,F,Bangalore,12.9716,77.5946
jahir,16,F,Bangalore,12.9716,77.5946
jahirul,13,M,Bangalore,12.9716,77.5946
jahoor,38,F,Bangalore,12.9716,77.5946
jai,3,M,Bangalore,12.9716,77.5946
jaibhagwan,42,M,Bangalore,12.9716,77.5946
jaibir,98,F,Bangalore,12.9716,77.5946
jaichand,32,M,Bangalore,12.9716,77.5946
jaideep,30,F,Bangalore,12.9716,77.5946
jaidev,64,F,Bangalore,12.9716,77.5946
jaidul,91,F,Bangalore,12.9716,77.5946
jaiguna,47,F,Bangalore,12.9716,77.5946
jaijairam,54,F,Dehradun,30.3165,78.0322
jakir,66,F,Dehradun,30.3165,78.0322
jalsingh,21,F,Dehradun,30.3165,78.0322
jalwad,70,F,Dehradun,30.3165,78.0322
jamaal,4,M,Dehradun,30.3165,78.0322
jamad,33,F,Dehradun,30.3165,78.0322
jamadar,62,M,Dehradun,30.3165,78.0322
jamal,39,M,Dehradun,30.3165,78.0322
jamee,93,M,Dehradun,30.3165,78.0322
jameela,17,M,Dehradun,30.3165,78.0322
jameer,14,M,Dehradun,30.3165,78.0322
jamil,95,M,Dehradun,30.3165,78.0322
jamila,57,M,Dehradun,30.3165,78.0322
jamir,42,F,Dehradun,30.3165,78.0322
jamna,85,M,Dehradun,30.3165,78.0322
jamnaa,13,M,Dehradun,30.3165,78.0322
jamrujaha,68,F,Jammu,32.7266,74.857
jamshed,10,F,Jammu,32.7266,74.857
jamuna,52,F,Jammu,32.7266,74.857
janak,78,M,Jammu,32.7266,74.857
janaki,86,F,Jammu,32.7266,74.857
janam,71,M,Jammu,32.7266,74.857
janardam,7,M,Jammu,32.7266,74.857
janesh,21,F,Jammu,32.7266,74.857
janeshwar,3,F,Jammu,32.7266,74.857
jang,94,F,Jammu,32.7266,74.857
jani,37,M,Jammu,32.7266,74.857
janid,56,M,Jammu,32.7266,74.857
janki,34,F,Udaipur,24.5854,73.7125
jankidas,81,M,Udaipur,24.5854,73.7125
jankraj,67,M,Udaipur,24.5854,73.7125
janmesh,64,M,Udaipur,24.5854,73.7125
jannat,86,F,Udaipur,24.5854,73.7125
janta,40,M,Udaipur,24.5854,73.7125
jantarpal,97,M,Udaipur,24.5854,73.7125
januka,55,M,Udaipur,24.5854,73.7125
janvi,1,M,Udaipur,24.5854,73.7125
janwi,7,M,Surat,21.1702,72.8311
japneet,27,M,Surat,21.1702,72.8311
jaquir,92,M,Surat,21.1702,72.8311
jyoti,34,F,Surat,21.1702,72.8311
jyotsana,61,M,Surat,21.1702,72.8311
jyoty,18,M,Surat,21.1702,72.8311
kaamini,56,F,Surat,21.1702,72.8311
kaari,98,F,Surat,21.1702,72.8311
kaarti,59,F,Surat,21.1702,72.8311
kabal,86,M,Surat,21.1702,72.8311
kabid,38,F,Surat,21.1702,72.8311
kabir,53,F,Ujjain,23.1765,75.7885
kabul,98,F,Ujjain,23.1765,75.7885
kachan,75,M,Ujjain,23.1765,75.7885
kachri,23,M,Ujjain,23.1765,75.7885
kadir,29,F,Ujjain,23.1765,75.7885
kadu,90,M,Ujjain,23.1765,75.7885
kafia,80,F,Ujjain,23.1765,75.7885
kailesh,29,M,Ujjain,23.1765,75.7885
kaishav,34,M,Ujjain,23.1765,75.7885
kajal,66,M,Ujjain,23.1765,75.7885
kajamuddih,26,M,Ujjain,23.1765,75.7885
kajar,28,M,Ujjain,23.1765,75.7885
kajol,31,F,Bangalore,12.9716,77.5946
kajul,5,M,Bangalore,12.9716,77.5946
kala,19,F,Bangalore,12.9716,77.5946
kalap,49,F,Bangalore,12.9716,77.5946
kalashi,22,F,Bangalore,12.9716,77.5946
kalavati,5,F,Bangalore,12.9716,77.5946
kalawati,92,F,Bangalore,12.9716,77.5946
kalayan,61,M,Bangalore,12.9716,77.5946
kale,40,M,Bangalore,12.9716,77.5946
kaleem,78,M,Bangalore,12.9716,77.5946
kaleram,21,M,Bangalore,12.9716,77.5946
kali,97,M,Bangalore,12.9716,77.5946
kalicharan,84,F,Bangalore,12.9716,77.5946
kalip,60,M,Bangalore,12.9716,77.5946
khushbu,55,F,Mysore,12.12,76.68
khushi,30,F,Mysore,12.12,76.68
laliya,93,M,Mysore,12.12,76.68
lallu,69,M,Mysore,12.12,76.68
lalmuni,50,M,Mysore,12.12,76.68
laltes,70,M,Mysore,12.12,76.68
laltha,75,M,Mysore,12.12,76.68
laltia,7,F,Mysore,12.12,76.68
lalu,44,M,Mysore,12.12,76.68
lalutha,47,M,Mysore,12.12,76.68
lamani,78,M,Mysore,12.12,76.68
lambhu,63,M,Mysore,12.12,76.68
lasar,69,M,Pune,18.5204,73.8567
lashma,33,F,Pune,18.5204,73.8567
laskshita,67,M,Pune,18.5204,73.8567
lata,84,M,Pune,18.5204,73.8567
lateef,33,M,Pune,18.5204,73.8567
latesh,60,M,Pune,18.5204,73.8567
latoor,51,F,Pune,18.5204,73.8567
latur,51,F,Pune,18.5204,73.8567
laukush,71,M,Cuttack,20.4625,85.883
lav,55,F,Cuttack,20.4625,85.883
lavali,68,F,Cuttack,20.4625,85.883
lave,30,F,Cuttack,20.4625,85.883
lavi,22,F,Cuttack,20.4625,85.883
lavish,35,M,Cuttack,20.4625,85.883
lavkush,16,M,Cuttack,20.4625,85.883
lavli,31,F,Cuttack,20.4625,85.883
lavpreet,48,M,Cuttack,20.4625,85.883
lavtar,81,M,Cuttack,20.4625,85.883
lawli,34,M,Cuttack,20.4625,85.883
lawrence,85,F,Cuttack,20.4625,85.883
laxami,81,M,Cuttack,20.4625,85.883
laxita,20,M,Cuttack,20.4625,85.883
laxman,93,M,Cuttack,20.4625,85.883
laxmanram,58,M,Cuttack,20.4625,85.883
laxmeena,4,M,Cuttack,20.4625,85.883
laxmi,72,M,Cuttack,20.4625,85.883
laxmikant,25,F,Cuttack,20.4625,85.883
laxminarain,90,M,Cuttack,20.4625,85.883
layba,100,M,Cuttack,20.4625,85.883
layman,68,M,Cuttack,20.4625,85.883
leela,31,F,Cuttack,20.4625,85.883
leelawati,19,M,Cuttack,20.4625,85.883
leelu,75,F,Cuttack,20.4625,85.883
leena,30,M,Cuttack,20.4625,85.883
lehru,42,F,Cuttack,20.4625,85.883
lekhraj,24,F,Kargil,34.5539,76.1349
mahadev,46,F,Kargil,34.5539,76.1349
mahadevi,54,F,Kargil,34.5539,76.1349
mahak,5,M,Kargil,34.5539,76.1349
mahammd,86,F,Kargil,34.5539,76.1349
mahasingh,25,M,Kargil,34.5539,76.1349
mahaveer,21,F,Kargil,34.5539,76.1349
mahavir,82,M,Kargil,34.5539,76.1349
mahbir,13,M,Kargil,34.5539,76.1349
mahboob,16,F,Kargil,34.5539,76.1349
mahbub,80,M,Kargil,34.5539,76.1349
mahendar,18,M,Kargil,34.5539,76.1349
mahender,15,M,Kargil,34.5539,76.1349
mahendra,27,F,Kargil,34.5539,76.1349
mahesh,24,F,Kargil,34.5539,76.1349
maheshar,96,F,Kargil,34.5539,76.1349
mahfooj,29,M,Kargil,34.5539,76.1349
mahfooz,9,M,Ladhakh,34.2268,77.5619
mahfuj,52,F,Ladhakh,34.2268,77.5619
mahi,14,F,Ladhakh,34.2268,77.5619
mahima,51,F,Ladhakh,34.2268,77.5619
mahinder,19,F,Ladhakh,34.2268,77.5619
mahindra,60,M,Ladhakh,34.2268,77.5619
mahinudin,57,M,Ladhakh,34.2268,77.5619
mahipal,35,F,Ladhakh,34.2268,77.5619
mahjabi,60,M,Ladhakh,34.2268,77.5619
mahkar,49,F,Ladhakh,34.2268,77.5619
mahlikka,33,F,Ladhakh,34.2268,77.5619
mahmun,38,F,Ladhakh,34.2268,77.5619
mahnatha,9,M,Ladhakh,34.2268,77.5619
najar,8,M,Ladhakh,34.2268,77.5619
najara,54,M,Ladhakh,34.2268,77.5619
najarana,80,F,Ladhakh,34.2268,77.5619
najni,64,F,Ladhakh,34.2268,77.5619
najo,80,F,Ladhakh,34.2268,77.5619
omwati,16,M,Ladhakh,34.2268,77.5619
one,80,M,Ladhakh,34.2268,77.5619
onginye,9,M,Ladhakh,34.2268,77.5619
opendar,78,M,Ladhakh,34.2268,77.5619
osier,27,F,Ladhakh,34.2268,77.5619
ovaish,47,F,Ladhakh,34.2268,77.5619
pabitra,58,F,Ladhakh,34.2268,77.5619
pabu,66,M,Bangalore,12.9716,77.5946
pachuram,22,M,Bangalore,12.9716,77.5946
padam,84,M,Bangalore,12.9716,77.5946
padama,89,M,Bangalore,12.9716,77.5946
padma,25,M,Bangalore,12.9716,77.5946
pahalwan,64,M,Bangalore,12.9716,77.5946
paka,63,F,Bangalore,12.9716,77.5946
pakhali,19,F,Bangalore,12.9716,77.5946
palak,73,M,Bangalore,12.9716,77.5946
palaram,15,M,Bangalore,12.9716,77.5946
pallavi,70,M,Bangalore,12.9716,77.5946
pallawi,37,M,Bangalore,12.9716,77.5946
pallu,74,F,Bangalore,12.9716,77.5946
pallvi,43,M,Bangalore,12.9716,77.5946
palvi,83,F,Bangalore,12.9716,77.5946
palvinder,51,F,Bangalore,12.9716,77.5946
pamjeet,20,M,Bangalore,12.9716,77.5946
pammi,22,F,Bangalore,12.9716,77.5946
pammy,44,M,Bangalore,12.9716,77.5946
pampa,86,F,Bangalore,12.9716,77.5946
panaj,25,F,Bangalore,12.9716,77.5946
pancham,59,M,Bangalore,12.9716,77.5946
panchhi,14,F,Bangalore,12.9716,77.5946
panchi,59,F,Bangalore,12.9716,77.5946
panchma,75,F,Bangalore,12.9716,77.5946
panchoo,77,F,Bangalore,12.9716,77.5946
panchu,52,M,Bangalore,12.9716,77.5946
panchuram,67,M,Bangalore,12.9716,77.5946
panchuri,3,F,Bangalore,12.9716,77.5946
pancu,60,F,Bangalore,12.9716,77.5946
pandit,82,M,Bangalore,12.9716,77.5946
pandu,58,M,Bangalore,12.9716,77.5946
pangita,33,M,Bangalore,12.9716,77.5946
pankaj,37,F,Bangalore,12.9716,77.5946
pankajsheel,43,M,Bangalore,12.9716,77.5946
panku,20,F,Bangalore,12.9716,77.5946
pankuj,98,M,Bangalore,12.9716,77.5946
panmati,83,M,Bangalore,12.9716,77.5946
panna,33,F,Bangalore,12.9716,77.5946
pannalal,69,F,Bangalore,12.9716,77.5946
pannu,74,F,Bangalore,12.9716,77.5946
papa,7,M,Bangalore,12.9716,77.5946
papiya,24,F,Bangalore,12.9716,77.5946
papp,31,M,Bangalore,12.9716,77.5946
pappe,18,F,Bangalore,12.9716,77.5946
pappu,74,M,Bangalore,12.9716,77.5946
pappy,49,F,Bangalore,12.9716,77.5946
papu,58,F,Bangalore,12.9716,77.5946
papuu,79,F,Bangalore,12.9716,77.5946
para,67,M,Bangalore,12.9716,77.5946
param,71,F,Bangalore,12.9716,77.5946
paramdeep,96,F,Bangalore,12.9716,77.5946
paramjeet,83,M,Bangalore,12.9716,77.5946
paramjit,17,F,Bangalore,12.9716,77.5946
paramshela,97,F,Bangalore,12.9716,77.5946
paramveer,94,M,Bangalore,12.9716,77.5946
paras,93,M,Bangalore,12.9716,77.5946
parash,62,F,Bangalore,12.9716,77.5946
parashram,54,F,Bangalore,12.9716,77.5946
parashu,77,F,Bangalore,12.9716,77.5946
parathvi,97,F,Bangalore,12.9716,77.5946
paratibha,44,F,Bangalore,12.9716,77.5946
parbha,94,F,Bangalore,12.9716,77.5946
parbhat,40,F,Bangalore,12.9716,77.5946
radheshyam,64,F,Bangalore,12.9716,77.5946
radhey,80,M,Bangalore,12.9716,77.5946
radheyshyam,7,M,Bangalore,12.9716,77.5946
radhika,83,F,Bangalore,12.9716,77.5946
radhyshyam,79,M,Bangalore,12.9716,77.5946
radikha,84,F,Bangalore,12.9716,77.5946
raeeyan,35,M,Bangalore,12.9716,77.5946
rafal,99,F,Bangalore,12.9716,77.5946
rafat,86,M,Bangalore,12.9716,77.5946
rafeddin,73,M,Bangalore,12.9716,77.5946
rafi,37,M,Bangalore,12.9716,77.5946
rafiq,32,M,Bangalore,12.9716,77.5946
raghav,47,M,Delhi,28.679079,77.06971
raghbir,59,F,Delhi,28.679079,77.06971
raghu,59,F,Delhi,28.679079,77.06971
raghubeer,80,F,Delhi,28.679079,77.06971
raghubir,13,M,Delhi,28.679079,77.06971
raghunandan,86,M,Delhi,28.679079,77.06971
raghuveer,12,F,Delhi,28.679079,77.06971
raghuvinder,21,M,Delhi,28.679079,77.06971
raghuvir,69,F,Delhi,28.679079,77.06971
ragib,24,M,Delhi,28.679079,77.06971
ragina,78,M,Delhi,28.679079,77.06971
ragini,25,M,Delhi,28.679079,77.06971
ragni,56,F,Delhi,28.679079,77.06971
ragwender,61,M,Delhi,28.679079,77.06971
rahat,14,M,Delhi,28.679079,77.06971
raheesh,32,M,Delhi,28.679079,77.06971
rahi,57,F,Delhi,28.679079,77.06971
rahil,50,F,Delhi,28.679079,77.06971
rahila,38,M,Delhi,28.679079,77.06971
rahim,78,M,Delhi,28.679079,77.06971
raja,94,F,Delhi,28.679079,77.06971
rajam,41,F,Delhi,28.679079,77.06971
rajan,96,F,Delhi,28.679079,77.06971
rajani,94,M,Delhi,28.679079,77.06971
rajanti,9,F,Delhi,28.679079,77.06971
rajaram,1,F,Delhi,28.679079,77.06971
rajat,96,M,Delhi,28.679079,77.06971
rajbala,65,F,Delhi,28.679079,77.06971
rajbeer,74,F,Delhi,28.679079,77.06971
rajbir,69,M,Madurai,9.9252,78.1198
rajbiri,48,M,Madurai,9.9252,78.1198
rajdev,41,F,Madurai,9.9252,78.1198
rajdut,4,F,Madurai,9.9252,78.1198
rajeena,36,M,Madurai,9.9252,78.1198
rajeet,3,M,Madurai,9.9252,78.1198
rajeev,99,M,Madurai,9.9252,78.1198
rajend,12,M,Srinagar,34.0837,74.7973
rajendar,28,F,Srinagar,34.0837,74.7973
rajender,37,M,Srinagar,34.0837,74.7973
rajenderi,65,F,Srinagar,34.0837,74.7973
rajendra,31,F,Srinagar,34.0837,74.7973
rajesh,39,M,Srinagar,34.0837,74.7973
rajeshvr,52,M,Srinagar,34.0837,74.7973
rajeshwar,90,M,Srinagar,34.0837,74.7973
sandeep,38,F,Srinagar,34.0837,74.7973
sandeepa,74,M,Srinagar,34.0837,74.7973
sandha,46,M,Srinagar,34.0837,74.7973
sandhaya,23,M,Srinagar,34.0837,74.7973
sandhya,6,F,Srinagar,34.0837,74.7973
sandip,57,F,Srinagar,34.0837,74.7973
sandiya,84,M,Raipur,21.25,81.629997
sandna,34,M,Raipur,21.25,81.629997
sandya,75,F,Raipur,21.25,81.629997
saneha,31,M,Raipur,21.25,81.629997
sangeena,11,M,Raipur,21.25,81.629997
sangeet,24,F,Raipur,21.25,81.629997
sangeeta,41,M,Raipur,21.25,81.629997
sangeta,37,M,Raipur,21.25,81.629997
sangit,28,F,Raipur,21.25,81.629997
sangita,8,F,Raipur,21.25,81.629997
sangram,67,M,Raipur,21.25,81.629997
sanha,91,F,Raipur,21.25,81.629997
sania,2,M,Raipur,21.25,81.629997
sanita,42,M,Raipur,21.25,81.629997
saniya,38,M,Gurgaon,28.4595,77.0266
sanjai,37,M,Gurgaon,28.4595,77.0266
sanjan,55,F,Gurgaon,28.4595,77.0266
sanjana,19,F,Gurgaon,28.4595,77.0266
sanjay,49,M,Gurgaon,28.4595,77.0266
sanjeet,6,F,Gurgaon,28.4595,77.0266
sanjeeta,87,F,Gurgaon,28.4595,77.0266
sanjeev,27,F,Gurgaon,28.4595,77.0266
sanjeevan,80,F,Gurgaon,28.4595,77.0266
sanjey,21,F,Gurgaon,28.4595,77.0266
sanjida,20,F,Gurgaon,28.4595,77.0266
sanjit,71,M,Coimbatore,11.0168,76.9558
sanjiv,33,F,Coimbatore,11.0168,76.9558
sanjna,88,F,Coimbatore,11.0168,76.9558
sanjogta,25,F,Coimbatore,11.0168,76.9558
sanjoh,38,F,Coimbatore,11.0168,76.9558
sanju,31,F,Jaipur,26.9124,75.7873
sanjya,15,F,Jaipur,26.9124,75.7873
sankar,23,F,Jaipur,26.9124,75.7873
sankarlal,55,M,Jaipur,26.9124,75.7873
sanna,20,M,Jaipur,26.9124,75.7873
sanni,73,F,Jaipur,26.9124,75.7873
sanno,17,F,Jaipur,26.9124,75.7873
sanny,82,M,Jaipur,26.9124,75.7873
sano,62,M,Delhi,28.679079,77.06971
sanoj,16,M,Delhi,28.679079,77.06971
sanoshi,36,M,Delhi,28.679079,77.06971
sanpat,48,M,Delhi,28.679079,77.06971
sansaar,95,M,Delhi,28.679079,77.06971
sant,100,F,Delhi,28.679079,77.06971
santara,16,F,Delhi,28.679079,77.06971
santi,14,F,Delhi,28.679079,77.06971
santlal,12,M,Delhi,28.679079,77.06971
santna,27,F,Delhi,28.679079,77.06971
santo,87,F,Delhi,28.679079,77.06971
santok,13,M,Delhi,28.679079,77.06971
santosh,8,F,Delhi,28.679079,77.06971
santoshi,34,M,Delhi,28.679079,77.06971
santra,65,F,Delhi,28.679079,77.06971
santram,57,M,Delhi,28.679079,77.06971
sarangthem,51,F,Delhi,28.679079,77.06971
saranjeet,45,F,Delhi,28.679079,77.06971
saranthem,86,F,Delhi,28.679079,77.06971
sararwati,48,F,Delhi,28.679079,77.06971
saraswati,88,M,Delhi,28.679079,77.06971
sarbari,62,M,Delhi,28.679079,77.06971
sarbash,78,F,Delhi,28.679079,77.06971
sarbjeet,26,F,Delhi,28.679079,77.06971
sarda,9,M,Delhi,28.679079,77.06971
sardar,29,F,Delhi,28.679079,77.06971
sardeep,49,M,Delhi,28.679079,77.06971
sardhu,8,F,Delhi,28.679079,77.06971
sareen,96,F,Delhi,28.679079,77.06971
sarfaraj,10,M,Delhi,28.679079,77.06971
sarfraj,61,M,Delhi,28.679079,77.06971
saridevi,32,M,Delhi,28.679079,77.06971
tripurari,47,M,Delhi,28.679079,77.06971
triveni,64,M,Delhi,28.679079,77.06971
trlokchand,48,F,Delhi,28.679079,77.06971
tuba,64,M,Delhi,28.679079,77.06971
tufail,24,M,Delhi,28.679079,77.06971
tufel,8,F,Delhi,28.679079,77.06971
tuka,97,M,Delhi,28.679079,77.06971
tulcharam,12,M,Surat,21.1702,72.8311
tulki,16,F,Surat,21.1702,72.8311
tulsa,74,M,Surat,21.1702,72.8311
tulsha,77,M,Surat,21.1702,72.8311
tulshi,84,M,Surat,21.1702,72.8311
tulsi,1,F,Surat,21.1702,72.8311
tulsiram,11,M,Surat,21.1702,72.8311
tumpa,51,M,Surat,21.1702,72.8311
tunda,80,F,Coimbatore,11.0168,76.9558
tundiram,77,F,Coimbatore,11.0168,76.9558
tunni,71,F,Coimbatore,11.0168,76.9558
turveny,36,F,Coimbatore,11.0168,76.9558
tushal,94,M,Coimbatore,11.0168,76.9558
tushar,87,M,Surat,21.1702,72.8311
twenkle,84,M,Surat,21.1702,72.8311
twinkal,70,F,Surat,21.1702,72.8311
twinkil,40,F,Surat,21.1702,72.8311
twinkle,47,F,Surat,21.1702,72.8311
tyara,72,M,Surat,21.1702,72.8311
uda,51,M,Surat,21.1702,72.8311
udai,79,F,Amritsar,31.634,74.8723
udaiveer,2,M,Amritsar,31.634,74.8723
udaiy,96,M,Amritsar,31.634,74.8723
udal,12,F,Amritsar,31.634,74.8723
uday,55,F,Amritsar,31.634,74.8723
udesh,13,M,Amritsar,31.634,74.8723
udham,13,F,Amritsar,31.634,74.8723
udi,84,F,Amritsar,31.634,74.8723
udit,88,M,Amritsar,31.634,74.8723
udita,59,M,Amritsar,31.634,74.8723
udmai,45,M,Amritsar,31.634,74.8723
uganta,22,F,Ahmedabad,23.0225,72.5714
ugma,23,M,Ahmedabad,23.0225,72.5714
ujama,3,M,Ahmedabad,23.0225,72.5714
ujamma,94,M,Ahmedabad,23.0225,72.5714
ujir,42,M,Ahmedabad,23.0225,72.5714
ujjair,56,F,Ahmedabad,23.0225,72.5714
ujjawal,47,F,Ahmedabad,23.0225,72.5714
ujjwal,6,F,Ranchi,23.3441,85.3096
uma,51,F,Ranchi,23.3441,85.3096
umakant,72,M,Ranchi,23.3441,85.3096
umanath,5,M,Ranchi,23.3441,85.3096
umang,10,F,Ranchi,23.3441,85.3096
umar,81,M,Ranchi,23.3441,85.3096
umardaraz,13,F,Ranchi,23.3441,85.3096
umardeen,100,F,Ranchi,23.3441,85.3096
umasankar,65,F,Ranchi,23.3441,85.3096
umashankar,38,M,Ranchi,23.3441,85.3096
umashanker,35,M,Ranchi,23.3441,85.3096
umda,20,F,Ranchi,23.3441,85.3096
umedi,2,M,Ranchi,23.3441,85.3096
umesh,48,F,Ranchi,23.3441,85.3096
umesha,57,M,Ranchi,23.3441,85.3096
vaibhav,46,M,Ranchi,23.3441,85.3096
vaid,21,M,Ranchi,23.3441,85.3096
vaijanti,17,F,Ranchi,23.3441,85.3096
vaishali,54,M,Ranchi,23.3441,85.3096
vaishanvi,77,F,Ranchi,23.3441,85.3096
warnakulasuriya,76,F,Nasik,19.9975,73.7898
waseem,69,F,Nasik,19.9975,73.7898
wasim,11,M,Nasik,19.9975,73.7898
wasimuddin,1,M,Nasik,19.9975,73.7898
wazid,61,F,Nasik,19.9975,73.7898
wazir,42,M,Nasik,19.9975,73.7898
wiliyam,57,M,Nasik,19.9975,73.7898
wilkish,96,F,Nasik,19.9975,73.7898
yadram,69,F,Nasik,19.9975,73.7898
yadvir,65,M,Nasik,19.9975,73.7898
yaksh,26,M,Nasik,19.9975,73.7898
yaman,15,M,Nasik,19.9975,73.7898
yameen,18,M,Nasik,19.9975,73.7898
yamin,90,M,Nasik,19.9975,73.7898
yamini,24,M,Ahmedabad,23.0225,72.5714
yamuna,98,F,Ahmedabad,23.0225,72.5714
yaqoob,83,M,Ahmedabad,23.0225,72.5714
yaqub,48,M,Ahmedabad,23.0225,72.5714
yasar,58,F,Ahmedabad,23.0225,72.5714
yash,86,M,Ahmedabad,23.0225,72.5714
yashbir,8,M,Ahmedabad,23.0225,72.5714
yashdhra,57,M,Ahmedabad,23.0225,72.5714
yashika,72,F,Ahmedabad,23.0225,72.5714
yashin,81,M,Ahmedabad,23.0225,72.5714
yashmin,6,M,Hyderabad,17.385,78.4867
yashoda,97,F,Hyderabad,17.385,78.4867
yashodha,47,M,Hyderabad,17.385,78.4867
yashpal,89,M,Hyderabad,17.385,78.4867
yashsvi,68,M,Hyderabad,17.385,78.4867
yashwant,80,F,Hyderabad,17.385,78.4867
yasodha,12,F,Hyderabad,17.385,78.4867
yaswani,50,M,Hyderabad,17.385,78.4867
yatharth,57,M,Hyderabad,17.385,78.4867
yatin,14,F,Hyderabad,17.385,78.4867
yesh,39,M,Hyderabad,17.385,78.4867
yogendra,19,F,Hyderabad,17.385,78.4867
yogesh,24,F,Hyderabad,17.385,78.4867
yogeshwar,52,F,Hyderabad,17.385,78.4867
yogeshwari,84,M,Hyderabad,17.385,78.4867
yoginder,31,M,Hyderabad,17.385,78.4867
yogita,29,F,Hyderabad,17.385,78.4867
yognder,40,M,Hyderabad,17.385,78.4867
yograj,31,F,Hyderabad,17.385,78.4867
yoshoda,45,F,Hyderabad,17.385,78.4867
youraj,49,M,Hyderabad,17.385,78.4867
yudhbir,78,M,Hyderabad,17.385,78.4867
yukilal,38,M,Hyderabad,17.385,78.4867
yuveraj,76,M,Hyderabad,17.385,78.4867
yuvraj,88,M,Hyderabad,17.385,78.4867
zafar,18,F,Hyderabad,17.385,78.4867
zaheer,24,F,Hyderabad,17.385,78.4867
zahid,33,F,Hyderabad,17.385,78.4867
zahir,8,F,Hyderabad,17.385,78.4867
zahira,98,M,Hyderabad,17.385,78.4867
zainab,98,M,Hyderabad,17.385,78.4867
zakir,89,F,Hyderabad,17.385,78.4867
zameer,42,F,Hyderabad,17.385,78.4867
zamile,70,M,Hyderabad,17.385,78.4867
zanmi,70,M,Hyderabad,17.385,78.4867
